-- Up

CREATE TABLE IF NOT EXISTS park_locations(
    park_id PRIMARY KEY,
    park_name VARCHAR(40),
    park_address VARCHAR(40),
    park_town VARCHAR(15),
    park_city VARCHAR(15),
    park_postcode VARCHAR(10),
    park_description VARCHAR(200),
    park_lan VARCHAR(20),
    park_lon VARCHAR(20)
);

insert into park_locations 
    (park_id, park_name, park_address, park_town, park_city, park_postcode, park_lan, park_lon, park_description) values
        ('867fdb71-7525-4a7e-b9a2-cd9e206e5010', 'Orchard Park', 'Goldsmith Avenue', 'Southsea', 'Portsmouth', 'PO4', 50.79532320639754, -1.072935842654149, 'Lorem ipsum dolor sit amet, consectetur adipiscing elit. Praesent ultrices mattis arcu nec interdum. In scelerisque risus ac pretium scelerisque. Sed placerat eu elit id tristique. Mauris feugiat, sapien eget accumsan tincidunt, lacus dolor maximus dui, id dictum ipsum est ac augue. Ut iaculis magna massa, a auctor turpis maximus eget.'),
        ('9c29f89c-4644-4501-b2b6-4e47a0b2335b', 'Bransbury Park', 'Bransbury Road', 'Southsea', 'Portsmouth', 'PO4 8AN', 50.79010396799044, -1.0539455049618984, 'Etiam nec mauris pulvinar, dignissim magna vitae, mollis ligula. Mauris eros quam, scelerisque quis porta ac, finibus id ipsum. Sed ultrices tempus magna, quis molestie felis volutpat sit amet. Integer elit nunc, tempor sed luctus vel, ultrices at nunc.'),
        ('5d3f894e-1b80-474a-b30f-62a70ae387e4', 'Milton Park', 'Milton Road', 'Southsea', 'Portsmouth', 'PO4 8PR', 50.794681846667636, -1.0601145856970973, 'Sed id turpis sem. Duis posuere vitae turpis ac mattis. Aenean mattis, dui non congue mollis, magna diam porta ipsum, vel sollicitudin purus nunc nec est. Nam lacinia finibus velit, at feugiat libero molestie ac. Ut sed euismod est. In congue ipsum in mi interdum, quis iaculis sem malesuada.'),
        ('28bf8b81-db50-47ab-b5c4-6228a5d10b66', 'Tamworth Park', 'Tamworth Park', 'Kingston', 'Portsmouth', 'PO3', 50.803437866662776, -1.0585507582866736, 'Donec rhoncus, ante nec ornare eleifend, purus dui molestie ex, a tempor libero est at sapien. Mauris convallis consectetur massa ut convallis. Aliquam erat volutpat. Nullam id ligula aliquam, ultrices lectus in, bibendum nisi. Phasellus risus tortor, blandit eget sollicitudin ut, fringilla eu ante.'),
        ('34d1ea2d-d161-4a29-b74c-c0670665342e', 'Kingston Park', 'St Marys Road', 'Fratton', 'Portsmouth', 'PO1 5ER', 50.8020690469241, -1.068691011915569, 'Etiam nec mauris pulvinar, dignissim magna vitae, mollis ligula. Mauris eros quam, scelerisque quis porta ac, finibus id ipsum. Sed ultrices tempus magna, quis molestie felis volutpat sit amet. Integer elit nunc, tempor sed luctus vel, ultrices at nunc.'),
        ('1b86d5be-8ede-486d-9a47-31c7c4ae9d48', 'Wimbeldon Park', 'Wimbeldon Park Road', 'Southsea', 'Portsmouth', 'PO5 2PU', 50.78360822278176, -1.07911398985746, 'Donec rhoncus, ante nec ornare eleifend, purus dui molestie ex, a tempor libero est at sapien. Mauris convallis consectetur massa ut convallis. Aliquam erat volutpat. Nullam id ligula aliquam, ultrices lectus in, bibendum nisi. Phasellus risus tortor, blandit eget sollicitudin ut, fringilla eu ante.'),
        ('299ebde8-e3fa-4c38-a057-2fc2ecad094a', 'Southsea Courts', 'Eastern Parade', 'Southsea', 'Portsmouth', 'PO4 9RB', 50.78158675062328, -1.0663895902891478, 'Nunc nec venenatis odio. Duis semper, orci non molestie dapibus, metus risus pulvinar leo, ac euismod ante nibh nec nisl. Curabitur dui lacus, tincidunt porttitor gravida quis, ullamcorper sit amet nibh. Vestibulum lorem nisi, egestas id metus ac, rutrum mollis dui. Etiam eu luctus velit, vitae euismod ex.'),
        ('5c7e19a3-ad77-4b75-8724-085009856840', 'College Park', 'Kirby Road', 'Portsmouth', 'Portsmouth', 'PO2 0QB', 50.81985893766588, -1.0668683366569014, 'Nunc nec venenatis odio. Duis semper, orci non molestie dapibus, metus risus pulvinar leo, ac euismod ante nibh nec nisl. Curabitur dui lacus, tincidunt porttitor gravida quis, ullamcorper sit amet nibh. Vestibulum lorem nisi, egestas id metus ac, rutrum mollis dui. Etiam eu luctus velit, vitae euismod ex.'),
        ('8ba00491-9c99-446c-ad5b-f5217813d54b', 'Stamshaw Park', 'Weston Ter', 'Tipney', 'Portsmouth', 'PO2', 50.81898519391593, -1.0899483560645642, 'Etiam nec mauris pulvinar, dignissim magna vitae, mollis ligula. Mauris eros quam, scelerisque quis porta ac, finibus id ipsum. Sed ultrices tempus magna, quis molestie felis volutpat sit amet. Integer elit nunc, tempor sed luctus vel, ultrices at nunc.'),
        ('b9544611-db81-4b2c-a33a-95b0e38bc7d1', 'St Pauls Park', 'Portland Square', 'St Pauls', 'Bristol', 'BS2 8SA', 51.46147851226893, -2.583479446640988, 'Lorem ipsum dolor sit amet, consectetur adipiscing elit. Praesent ultrices mattis arcu nec interdum. In scelerisque risus ac pretium scelerisque. Sed placerat eu elit id tristique. Mauris feugiat, sapien eget accumsan tincidunt, lacus dolor maximus dui, id dictum ipsum est ac augue. Ut iaculis magna massa, a auctor turpis maximus eget.'),
        ('8b307188-c1c3-4993-97f6-94ca9fbf9422', 'Riverside Park', 'Riverside', 'St Judes', 'Bristol', 'BS2', 51.46265451877683, -2.578119351711124, 'Nunc nec venenatis odio. Duis semper, orci non molestie dapibus, metus risus pulvinar leo, ac euismod ante nibh nec nisl. Curabitur dui lacus, tincidunt porttitor gravida quis, ullamcorper sit amet nibh. Vestibulum lorem nisi, egestas id metus ac, rutrum mollis dui. Etiam eu luctus velit, vitae euismod ex.'),
        ('e7362f33-f37c-40a4-aa56-8e36726899cc', 'Albany Park', 'Brook Road', 'Montpelier', 'Bristol', 'BS6 5LS', 51.46701748304096, -2.583099894729891, 'Praesent iaculis justo ligula, in porttitor libero luctus a. Vivamus et porttitor tortor. Maecenas ac consequat tortor. Nulla non suscipit purus. Proin aliquam tincidunt felis eget tempus.'),
        ('5743efbe-c1c3-4681-9910-1a2fd91d3744', 'Montpelier Park', 'St Andrews Road', 'Montpelier','Bristol', 'BS6 5EH', 51.46717781659717, -2.5885139097777, 'Sed id turpis sem. Duis posuere vitae turpis ac mattis. Aenean mattis, dui non congue mollis, magna diam porta ipsum, vel sollicitudin purus nunc nec est. Nam lacinia finibus velit, at feugiat libero molestie ac. Ut sed euismod est. In congue ipsum in mi interdum, quis iaculis sem malesuada.'),
        ('2a2cdf8d-ce18-440e-9427-7999863570f0', 'St Agnes Park', 'Thomas Street', 'Montpelier', 'Bristol', 'BS6 9QJ', 51.46506405832451, -2.578908072396425, 'Donec rhoncus, ante nec ornare eleifend, purus dui molestie ex, a tempor libero est at sapien. Mauris convallis consectetur massa ut convallis. Aliquam erat volutpat. Nullam id ligula aliquam, ultrices lectus in, bibendum nisi. Phasellus risus tortor, blandit eget sollicitudin ut, fringilla eu ante.'),
        ('bf42ab1e-bf60-45a7-babd-7b5723592d9e', 'Winkworth Park', 'Winkworth Place', 'St Pauls', 'Bristol', 'BS2', 51.46471611603595, -2.582973450059398, 'Lorem ipsum dolor sit amet, consectetur adipiscing elit. Praesent ultrices mattis arcu nec interdum. In scelerisque risus ac pretium scelerisque. Sed placerat eu elit id tristique. Mauris feugiat, sapien eget accumsan tincidunt, lacus dolor maximus dui, id dictum ipsum est ac augue. Ut iaculis magna massa, a auctor turpis maximus eget.'),
        ('7bf52559-d574-4fcc-b925-8c94a709ed41', 'George Jones Park', 'Braggs Lane','St Judes', 'Bristol', 'BS2 0FS', 51.45807239762761, -2.5783902330002295, 'Sed id turpis sem. Duis posuere vitae turpis ac mattis. Aenean mattis, dui non congue mollis, magna diam porta ipsum, vel sollicitudin purus nunc nec est. Nam lacinia finibus velit, at feugiat libero molestie ac. Ut sed euismod est. In congue ipsum in mi interdum, quis iaculis sem malesuada.' )
;


CREATE TABLE IF NOT EXISTS park_facilities (
    park_id CHAR(36) NOT NULL REFERENCES park_locations(park_id),
    basketball_court BOOLEAN,
    small_football_pitch BOOLEAN,
    full_size_pitch BOOLEAN,
    astro_turf BOOLEAN,
    tennis_court BOOLEAN,
    playground BOOLEAN,
    skate_park BOOLEAN
    
);

insert into park_facilities 
(park_id, basketball_court, small_football_pitch, full_size_pitch, astro_turf, tennis_court, playground, skate_park) values
    ('867fdb71-7525-4a7e-b9a2-cd9e206e5010',TRUE,FALSE,TRUE,FALSE,TRUE,FALSE,FALSE),
    ('9c29f89c-4644-4501-b2b6-4e47a0b2335b',TRUE,TRUE,TRUE,FALSE,FALSE,FALSE,TRUE),
    ('5d3f894e-1b80-474a-b30f-62a70ae387e4',FALSE,TRUE,FALSE,TRUE,FALSE,TRUE,FALSE),
    ('28bf8b81-db50-47ab-b5c4-6228a5d10b66',FALSE,TRUE,FALSE,TRUE,FALSE,TRUE,TRUE),
    ('34d1ea2d-d161-4a29-b74c-c0670665342e',FALSE,TRUE,FALSE,TRUE,FALSE,TRUE,FALSE),
    ('1b86d5be-8ede-486d-9a47-31c7c4ae9d48',TRUE,FALSE,TRUE,TRUE,TRUE,FALSE,FALSE),
    ('299ebde8-e3fa-4c38-a057-2fc2ecad094a',TRUE,TRUE,TRUE,FALSE,TRUE,FALSE,FALSE),
    ('5c7e19a3-ad77-4b75-8724-085009856840',TRUE,FALSE,TRUE,FALSE,FALSE,FALSE,FALSE),
    ('8ba00491-9c99-446c-ad5b-f5217813d54b',TRUE,FALSE,FALSE,FALSE,TRUE,FALSE,FALSE),
    ('b9544611-db81-4b2c-a33a-95b0e38bc7d1',TRUE,FALSE,FALSE,FALSE,FALSE,FALSE,FALSE),
    ('8b307188-c1c3-4993-97f6-94ca9fbf9422',TRUE,TRUE,FALSE,FALSE,FALSE,FALSE,FALSE),
    ('e7362f33-f37c-40a4-aa56-8e36726899cc',TRUE,TRUE,FALSE,FALSE,FALSE,TRUE,FALSE),
    ('5743efbe-c1c3-4681-9910-1a2fd91d3744',TRUE,TRUE,FALSE,FALSE,FALSE,TRUE,FALSE),
    ('2a2cdf8d-ce18-440e-9427-7999863570f0',FALSE,FALSE,FALSE,FALSE,FALSE,TRUE,FALSE),
    ('bf42ab1e-bf60-45a7-babd-7b5723592d9e',TRUE,TRUE,FALSE,FALSE,FALSE,TRUE,FALSE),
    ('7bf52559-d574-4fcc-b925-8c94a709ed41',TRUE,FALSE,FALSE,FALSE,FALSE,FALSE,FALSE)
    
;

CREATE TABLE IF NOT EXISTS general_information (
    park_id CHAR(36) NOT NULL REFERENCES park_locations(park_id),
    toilets BOOLEAN,
    food BOOLEAN,
    street_lights BOOLEAN,
    cycle_path BOOLEAN,
    pond BOOLEAN,
    wildlife BOOLEAN,
    parking BOOLEAN,
    disabled_access BOOLEAN
);

insert into general_information (park_id, toilets, food, street_lights, cycle_path, pond, wildlife, parking, disabled_access) values 
    ('867fdb71-7525-4a7e-b9a2-cd9e206e5010',TRUE,FALSE,TRUE,FALSE,TRUE,FALSE,FALSE, TRUE),
    ('9c29f89c-4644-4501-b2b6-4e47a0b2335b',TRUE,TRUE,TRUE,FALSE,FALSE,FALSE,TRUE, TRUE),
    ('5d3f894e-1b80-474a-b30f-62a70ae387e4',FALSE,TRUE,FALSE,TRUE,FALSE,TRUE,FALSE, TRUE),
    ('28bf8b81-db50-47ab-b5c4-6228a5d10b66',FALSE,TRUE,FALSE,TRUE,FALSE,TRUE,TRUE, TRUE),
    ('34d1ea2d-d161-4a29-b74c-c0670665342e',FALSE,TRUE,FALSE,TRUE,FALSE,TRUE,FALSE, TRUE),
    ('1b86d5be-8ede-486d-9a47-31c7c4ae9d48',TRUE,FALSE,TRUE,TRUE,TRUE,FALSE,FALSE, TRUE),
    ('299ebde8-e3fa-4c38-a057-2fc2ecad094a',TRUE,TRUE,TRUE,FALSE,TRUE,FALSE,FALSE, TRUE),
    ('5c7e19a3-ad77-4b75-8724-085009856840',TRUE,FALSE,TRUE,FALSE,FALSE,FALSE,FALSE, TRUE),
    ('8ba00491-9c99-446c-ad5b-f5217813d54b',TRUE,FALSE,FALSE,FALSE,TRUE,FALSE,FALSE, TRUE),
    ('b9544611-db81-4b2c-a33a-95b0e38bc7d1',TRUE,FALSE,FALSE,FALSE,FALSE,FALSE,FALSE, TRUE),
    ('8b307188-c1c3-4993-97f6-94ca9fbf9422',TRUE,TRUE,FALSE,FALSE,FALSE,FALSE,FALSE, TRUE),
    ('e7362f33-f37c-40a4-aa56-8e36726899cc',TRUE,TRUE,FALSE,FALSE,FALSE,TRUE,FALSE, TRUE),
    ('5743efbe-c1c3-4681-9910-1a2fd91d3744',TRUE,TRUE,FALSE,FALSE,FALSE,TRUE,FALSE, TRUE),
    ('2a2cdf8d-ce18-440e-9427-7999863570f0',FALSE,FALSE,FALSE,FALSE,FALSE,TRUE,FALSE, TRUE),
    ('bf42ab1e-bf60-45a7-babd-7b5723592d9e',TRUE,TRUE,FALSE,FALSE,FALSE,TRUE,FALSE, TRUE),
    ('7bf52559-d574-4fcc-b925-8c94a709ed41',TRUE,FALSE,FALSE,FALSE,FALSE,FALSE,FALSE, TRUE)
    
;

CREATE TABLE IF NOT EXISTS facility_availibility (
    park_id CHAR(36) NOT NULL REFERENCES park_locations(park_id),
    bc_available BOOLEAN,
    bc_timestamp VARCHAR(25),
    sfp_available BOOLEAN,
    sfp_timestamp VARCHAR(25),
    lfp_available BOOLEAN,
    lfp_timestamp VARCHAR(25),
    at_available BOOLEAN,
    at_timestamp VARCHAR(25),
    tc_available BOOLEAN,
    tc_timestamp VARCHAR(25),
    pg_available BOOLEAN,
    pg_timestamp VARCHAR(25),
    sp_available BOOLEAN,
    sp_timestamp VARCHAR(25)
);

insert into facility_availibility 
(park_id, bc_available, sfp_available, lfp_available, at_available, tc_available, pg_available, sp_available) values
    ('867fdb71-7525-4a7e-b9a2-cd9e206e5010', TRUE, NULL, TRUE, NULL, TRUE, NULL, TRUE),
    ('9c29f89c-4644-4501-b2b6-4e47a0b2335b', TRUE, TRUE, TRUE, NULL, NULL, NULL, NULL),
    ('5d3f894e-1b80-474a-b30f-62a70ae387e4', NULL, TRUE, NULL, TRUE, NULL, TRUE, NULL),
    ('28bf8b81-db50-47ab-b5c4-6228a5d10b66', NULL, TRUE, NULL, TRUE, NULL, TRUE, NULL),
    ('34d1ea2d-d161-4a29-b74c-c0670665342e', NULL, TRUE, NULL, TRUE, NULL, TRUE, TRUE),
    ('1b86d5be-8ede-486d-9a47-31c7c4ae9d48', TRUE, NULL, TRUE, TRUE, TRUE, NULL, TRUE),
    ('299ebde8-e3fa-4c38-a057-2fc2ecad094a', TRUE, TRUE, TRUE, NULL, TRUE, NULL, TRUE),
    ('5c7e19a3-ad77-4b75-8724-085009856840', TRUE, NULL, TRUE, NULL, NULL, NULL, TRUE),
    ('8ba00491-9c99-446c-ad5b-f5217813d54b', TRUE, NULL, NULL, NULL, TRUE, NULL, NULL),
    ('b9544611-db81-4b2c-a33a-95b0e38bc7d1', TRUE, NULL, NULL, NULL, NULL, NULL, NULL),
    ('8b307188-c1c3-4993-97f6-94ca9fbf9422', TRUE, TRUE, NULL, NULL, NULL, NULL, NULL),
    ('e7362f33-f37c-40a4-aa56-8e36726899cc', TRUE, TRUE, NULL, NULL, NULL, TRUE, NULL),
    ('5743efbe-c1c3-4681-9910-1a2fd91d3744', TRUE, TRUE, NULL, NULL, NULL, TRUE, NULL),
    ('2a2cdf8d-ce18-440e-9427-7999863570f0', NULL, NULL, NULL, NULL, NULL, TRUE, NULL),
    ('bf42ab1e-bf60-45a7-babd-7b5723592d9e', TRUE, TRUE, NULL, NULL, NULL, TRUE, NULL),
    ('7bf52559-d574-4fcc-b925-8c94a709ed41', TRUE, NULL, NULL, NULL, NULL, NULL, NULL)
;

CREATE TABLE IF NOT EXISTS events (
    event_id PRIMARY KEY,
    organiser_name VARCHAR(20),
    organiser_email VARCHAR(80),
    organiser_number VARCHAR(12),
    event_name VARCHAR(20),
    event_location VARCHAR(40) NOT NULL REFERENCES park_locations(park_id),
    event_demographic VARCHAR(10),
    event_type VARCHAR(10),
    event_date DATE,
    event_start_time VARCHAR(8),
    event_end_time VARCHAR(8),
    event_description VARCHAR(200),
    event_city VARCHAR(10)
);


CREATE TABLE IF NOT EXISTS community_comments(
    comment_id PRIMARY KEY,
    park_id VARCHAR(36),
    comment_author VARCHAR(20),
    comment VARCHAR(300),
    comment_date DATE,
    comment_time VARCHAR(8),
    comment_type VARCHAR(8)
);

insert into events (event_id, organiser_name, organiser_email, organiser_number, event_name, event_location, event_demographic, event_type, event_date, event_start_time, event_end_time, event_description, event_city) values ('bc0793fa-423d-47a5-9163-8a9a651a5488', 'Dal Darwen', 'ddarwen0@prlog.org', '07123456789', 'Fitness Class', 'Riverside Park', 'All Ages', 'recreational', '2022-06-21', '15:36', '12:45', 'Lorem ipsum dolor sit amet. consectetur adipiscing elit. Donec id feugiat purus. Fusce turpis tellus. ornare eu fringilla id. varius ut ex. Donec egestas erat ac ex pretium. nec suscipit dolor mollis. Pellentesque aliquam sapien sit amet eros faucibus sollicitudin. Donec efficitur faucibus justo porttitor vulputate. Cras finibus sollicitudin fringilla. Nulla nec interdum odio.  Ut convallis erat ut nisi maximus. eu lacinia tellus euismod. Nunc vitae velit sagittis. dignissim nisl a. venenatis lorem. Maecenas eget convallis tellus. Maecenas ultrices. urna nec lacinia porta. nulla erat pretium massa. eget ullamcorper ante libero in leo. Vestibulum ante ipsum primis in faucibus orci luctus et ultrices posuere cubilia curae; Mauris ante libero. volutpat quis velit sit amet. aliquam dictum urna. Vestibulum ullamcorper arcu ex. ac finibus ligula congue eget.', 'Bristol');
insert into events (event_id, organiser_name, organiser_email, organiser_number, event_name, event_location, event_demographic, event_type, event_date, event_start_time, event_end_time, event_description, event_city) values ('60b5c9b0-9bf9-4e9c-8fbe-8d6948b7e794', 'Leann Pepys', 'lpepys1@booking.com', '07123456789', 'Football Tournament', 'College Park', 'All Ages', 'educational', '2022-06-04', '15:56', '18:50', 'Lorem ipsum dolor sit amet. consectetur adipiscing elit. Donec id feugiat purus. Fusce turpis tellus. ornare eu fringilla id. varius ut ex. Donec egestas erat ac ex pretium. nec suscipit dolor mollis. Pellentesque aliquam sapien sit amet eros faucibus sollicitudin. Donec efficitur faucibus justo porttitor vulputate. Cras finibus sollicitudin fringilla. Nulla nec interdum odio.  Ut convallis erat ut nisi maximus. eu lacinia tellus euismod. Nunc vitae velit sagittis. dignissim nisl a. venenatis lorem. Maecenas eget convallis tellus. Maecenas ultrices. urna nec lacinia porta. nulla erat pretium massa. eget ullamcorper ante libero in leo. Vestibulum ante ipsum primis in faucibus orci luctus et ultrices posuere cubilia curae; Mauris ante libero. volutpat quis velit sit amet. aliquam dictum urna. Vestibulum ullamcorper arcu ex. ac finibus ligula congue eget.', 'Portsmouth');
insert into events (event_id, organiser_name, organiser_email, organiser_number, event_name, event_location, event_demographic, event_type, event_date, event_start_time, event_end_time, event_description, event_city) values ('d37ab174-a195-407e-9bcb-6cd9b475111e', 'Sharon Ainsbury', 'sainsbury2@ted.com', '07123456789', 'Basketball Training', 'St Pauls Park', 'Adults', 'competitive', '2022-06-22', '16:01', '15:13', 'Lorem ipsum dolor sit amet. consectetur adipiscing elit. Donec id feugiat purus. Fusce turpis tellus. ornare eu fringilla id. varius ut ex. Donec egestas erat ac ex pretium. nec suscipit dolor mollis. Pellentesque aliquam sapien sit amet eros faucibus sollicitudin. Donec efficitur faucibus justo porttitor vulputate. Cras finibus sollicitudin fringilla. Nulla nec interdum odio.  Ut convallis erat ut nisi maximus. eu lacinia tellus euismod. Nunc vitae velit sagittis. dignissim nisl a. venenatis lorem. Maecenas eget convallis tellus. Maecenas ultrices. urna nec lacinia porta. nulla erat pretium massa. eget ullamcorper ante libero in leo. Vestibulum ante ipsum primis in faucibus orci luctus et ultrices posuere cubilia curae; Mauris ante libero. volutpat quis velit sit amet. aliquam dictum urna. Vestibulum ullamcorper arcu ex. ac finibus ligula congue eget.', 'Bristol');
insert into events (event_id, organiser_name, organiser_email, organiser_number, event_name, event_location, event_demographic, event_type, event_date, event_start_time, event_end_time, event_description, event_city) values ('3078362f-7664-4f9a-a2f2-eedea59b58e8', 'Raymund Surgood', 'rsurgood3@google.co.jp', '07123456789', 'Bike Riding Lessons', 'Wimbeldon Park', 'All Ages', 'educational', '2022-06-12', '13:01', '15:19', 'Lorem ipsum dolor sit amet. consectetur adipiscing elit. Donec id feugiat purus. Fusce turpis tellus. ornare eu fringilla id. varius ut ex. Donec egestas erat ac ex pretium. nec suscipit dolor mollis. Pellentesque aliquam sapien sit amet eros faucibus sollicitudin. Donec efficitur faucibus justo porttitor vulputate. Cras finibus sollicitudin fringilla. Nulla nec interdum odio.  Ut convallis erat ut nisi maximus. eu lacinia tellus euismod. Nunc vitae velit sagittis. dignissim nisl a. venenatis lorem. Maecenas eget convallis tellus. Maecenas ultrices. urna nec lacinia porta. nulla erat pretium massa. eget ullamcorper ante libero in leo. Vestibulum ante ipsum primis in faucibus orci luctus et ultrices posuere cubilia curae; Mauris ante libero. volutpat quis velit sit amet. aliquam dictum urna. Vestibulum ullamcorper arcu ex. ac finibus ligula congue eget.', 'Portsmouth');
insert into events (event_id, organiser_name, organiser_email, organiser_number, event_name, event_location, event_demographic, event_type, event_date, event_start_time, event_end_time, event_description, event_city) values ('0c963448-7d24-4644-a2e6-6003d77bc989', 'Ava Kroon', 'akroon4@ebay.co.uk', '07123456789', 'Basketball Training', 'Tamworth Park', 'All Ages', 'competitive', '2022-06-06', '16:58', '18:57', 'Lorem ipsum dolor sit amet. consectetur adipiscing elit. Donec id feugiat purus. Fusce turpis tellus. ornare eu fringilla id. varius ut ex. Donec egestas erat ac ex pretium. nec suscipit dolor mollis. Pellentesque aliquam sapien sit amet eros faucibus sollicitudin. Donec efficitur faucibus justo porttitor vulputate. Cras finibus sollicitudin fringilla. Nulla nec interdum odio.  Ut convallis erat ut nisi maximus. eu lacinia tellus euismod. Nunc vitae velit sagittis. dignissim nisl a. venenatis lorem. Maecenas eget convallis tellus. Maecenas ultrices. urna nec lacinia porta. nulla erat pretium massa. eget ullamcorper ante libero in leo. Vestibulum ante ipsum primis in faucibus orci luctus et ultrices posuere cubilia curae; Mauris ante libero. volutpat quis velit sit amet. aliquam dictum urna. Vestibulum ullamcorper arcu ex. ac finibus ligula congue eget.', 'Portsmouth');
insert into events (event_id, organiser_name, organiser_email, organiser_number, event_name, event_location, event_demographic, event_type, event_date, event_start_time, event_end_time, event_description, event_city) values ('102bb221-0c53-4ea5-8a46-3ff107358750', 'Kahaleel Rudkin', 'krudkin5@cornell.edu', '07123456789', 'Learn to Roller Skate', 'Albany Park', 'Adults', 'recreational', '2022-06-18', '10:34', '21:02', 'Lorem ipsum dolor sit amet. consectetur adipiscing elit. Donec id feugiat purus. Fusce turpis tellus. ornare eu fringilla id. varius ut ex. Donec egestas erat ac ex pretium. nec suscipit dolor mollis. Pellentesque aliquam sapien sit amet eros faucibus sollicitudin. Donec efficitur faucibus justo porttitor vulputate. Cras finibus sollicitudin fringilla. Nulla nec interdum odio.  Ut convallis erat ut nisi maximus. eu lacinia tellus euismod. Nunc vitae velit sagittis. dignissim nisl a. venenatis lorem. Maecenas eget convallis tellus. Maecenas ultrices. urna nec lacinia porta. nulla erat pretium massa. eget ullamcorper ante libero in leo. Vestibulum ante ipsum primis in faucibus orci luctus et ultrices posuere cubilia curae; Mauris ante libero. volutpat quis velit sit amet. aliquam dictum urna. Vestibulum ullamcorper arcu ex. ac finibus ligula congue eget.', 'Bristol');
insert into events (event_id, organiser_name, organiser_email, organiser_number, event_name, event_location, event_demographic, event_type, event_date, event_start_time, event_end_time, event_description, event_city) values ('ecfdb81d-f145-494e-ab8f-4827e894e27e', 'Lisha Ayrton', 'layrton6@usda.gov', '07123456789', 'Learn to Roller Skate', 'Bransbury Park', 'All Ages', 'recreational', '2022-06-16', '11:27', '20:36', 'Lorem ipsum dolor sit amet. consectetur adipiscing elit. Donec id feugiat purus. Fusce turpis tellus. ornare eu fringilla id. varius ut ex. Donec egestas erat ac ex pretium. nec suscipit dolor mollis. Pellentesque aliquam sapien sit amet eros faucibus sollicitudin. Donec efficitur faucibus justo porttitor vulputate. Cras finibus sollicitudin fringilla. Nulla nec interdum odio.  Ut convallis erat ut nisi maximus. eu lacinia tellus euismod. Nunc vitae velit sagittis. dignissim nisl a. venenatis lorem. Maecenas eget convallis tellus. Maecenas ultrices. urna nec lacinia porta. nulla erat pretium massa. eget ullamcorper ante libero in leo. Vestibulum ante ipsum primis in faucibus orci luctus et ultrices posuere cubilia curae; Mauris ante libero. volutpat quis velit sit amet. aliquam dictum urna. Vestibulum ullamcorper arcu ex. ac finibus ligula congue eget.', 'Portsmouth');
insert into events (event_id, organiser_name, organiser_email, organiser_number, event_name, event_location, event_demographic, event_type, event_date, event_start_time, event_end_time, event_description, event_city) values ('b95c47a9-5302-4244-9173-baac2ebe7448', 'Innis Ferrarin', 'iferrarin7@redcross.org', '07123456789', 'Jogging Club', 'Bransbury Park', 'Children', 'competitive', '2022-06-18', '16:26', '10:41', 'Lorem ipsum dolor sit amet. consectetur adipiscing elit. Donec id feugiat purus. Fusce turpis tellus. ornare eu fringilla id. varius ut ex. Donec egestas erat ac ex pretium. nec suscipit dolor mollis. Pellentesque aliquam sapien sit amet eros faucibus sollicitudin. Donec efficitur faucibus justo porttitor vulputate. Cras finibus sollicitudin fringilla. Nulla nec interdum odio.  Ut convallis erat ut nisi maximus. eu lacinia tellus euismod. Nunc vitae velit sagittis. dignissim nisl a. venenatis lorem. Maecenas eget convallis tellus. Maecenas ultrices. urna nec lacinia porta. nulla erat pretium massa. eget ullamcorper ante libero in leo. Vestibulum ante ipsum primis in faucibus orci luctus et ultrices posuere cubilia curae; Mauris ante libero. volutpat quis velit sit amet. aliquam dictum urna. Vestibulum ullamcorper arcu ex. ac finibus ligula congue eget.', 'Bristol');
insert into events (event_id, organiser_name, organiser_email, organiser_number, event_name, event_location, event_demographic, event_type, event_date, event_start_time, event_end_time, event_description, event_city) values ('af3543d7-3de8-424b-8e96-5f3992a271ad', 'Bellanca Shuxsmith', 'bshuxsmith8@bbc.co.uk', '07123456789', 'Nature Walk', 'Orchard Park', 'Adults', 'educational', '2022-06-24', '12:39', '21:44', 'Lorem ipsum dolor sit amet. consectetur adipiscing elit. Donec id feugiat purus. Fusce turpis tellus. ornare eu fringilla id. varius ut ex. Donec egestas erat ac ex pretium. nec suscipit dolor mollis. Pellentesque aliquam sapien sit amet eros faucibus sollicitudin. Donec efficitur faucibus justo porttitor vulputate. Cras finibus sollicitudin fringilla. Nulla nec interdum odio.  Ut convallis erat ut nisi maximus. eu lacinia tellus euismod. Nunc vitae velit sagittis. dignissim nisl a. venenatis lorem. Maecenas eget convallis tellus. Maecenas ultrices. urna nec lacinia porta. nulla erat pretium massa. eget ullamcorper ante libero in leo. Vestibulum ante ipsum primis in faucibus orci luctus et ultrices posuere cubilia curae; Mauris ante libero. volutpat quis velit sit amet. aliquam dictum urna. Vestibulum ullamcorper arcu ex. ac finibus ligula congue eget.', 'Bristol');
insert into events (event_id, organiser_name, organiser_email, organiser_number, event_name, event_location, event_demographic, event_type, event_date, event_start_time, event_end_time, event_description, event_city) values ('0b1b0b67-c3a7-44e3-b8bc-9e35f06bc698', 'Michail Eberle', 'meberle9@unblog.fr', '07123456789', 'Football Tournament', 'Winkworth Park', 'Adults', 'competitive', '2022-05-26', '11:13', '16:42', 'Lorem ipsum dolor sit amet. consectetur adipiscing elit. Donec id feugiat purus. Fusce turpis tellus. ornare eu fringilla id. varius ut ex. Donec egestas erat ac ex pretium. nec suscipit dolor mollis. Pellentesque aliquam sapien sit amet eros faucibus sollicitudin. Donec efficitur faucibus justo porttitor vulputate. Cras finibus sollicitudin fringilla. Nulla nec interdum odio.  Ut convallis erat ut nisi maximus. eu lacinia tellus euismod. Nunc vitae velit sagittis. dignissim nisl a. venenatis lorem. Maecenas eget convallis tellus. Maecenas ultrices. urna nec lacinia porta. nulla erat pretium massa. eget ullamcorper ante libero in leo. Vestibulum ante ipsum primis in faucibus orci luctus et ultrices posuere cubilia curae; Mauris ante libero. volutpat quis velit sit amet. aliquam dictum urna. Vestibulum ullamcorper arcu ex. ac finibus ligula congue eget.', 'Portsmouth');
insert into events (event_id, organiser_name, organiser_email, organiser_number, event_name, event_location, event_demographic, event_type, event_date, event_start_time, event_end_time, event_description, event_city) values ('f62f1e62-ef43-4274-a0af-c6f98ea22759', 'Malynda Fishlock', 'mfishlocka@domainmarket.com', '07123456789', 'Fitness Class', 'Tamworth Park', 'All Ages', 'educational', '2022-06-25', '10:21', '17:37', 'Lorem ipsum dolor sit amet. consectetur adipiscing elit. Donec id feugiat purus. Fusce turpis tellus. ornare eu fringilla id. varius ut ex. Donec egestas erat ac ex pretium. nec suscipit dolor mollis. Pellentesque aliquam sapien sit amet eros faucibus sollicitudin. Donec efficitur faucibus justo porttitor vulputate. Cras finibus sollicitudin fringilla. Nulla nec interdum odio.  Ut convallis erat ut nisi maximus. eu lacinia tellus euismod. Nunc vitae velit sagittis. dignissim nisl a. venenatis lorem. Maecenas eget convallis tellus. Maecenas ultrices. urna nec lacinia porta. nulla erat pretium massa. eget ullamcorper ante libero in leo. Vestibulum ante ipsum primis in faucibus orci luctus et ultrices posuere cubilia curae; Mauris ante libero. volutpat quis velit sit amet. aliquam dictum urna. Vestibulum ullamcorper arcu ex. ac finibus ligula congue eget.', 'Bristol');
insert into events (event_id, organiser_name, organiser_email, organiser_number, event_name, event_location, event_demographic, event_type, event_date, event_start_time, event_end_time, event_description, event_city) values ('2e50ae6e-f3b2-4e51-9d1d-f68dae64a98b', 'Derrick Craske', 'dcraskeb@live.com', '07123456789', 'Outdoor Yoga', 'Winkworth Park', 'Children', 'recreational', '2022-06-22', '14:54', '14:59', 'Lorem ipsum dolor sit amet. consectetur adipiscing elit. Donec id feugiat purus. Fusce turpis tellus. ornare eu fringilla id. varius ut ex. Donec egestas erat ac ex pretium. nec suscipit dolor mollis. Pellentesque aliquam sapien sit amet eros faucibus sollicitudin. Donec efficitur faucibus justo porttitor vulputate. Cras finibus sollicitudin fringilla. Nulla nec interdum odio.  Ut convallis erat ut nisi maximus. eu lacinia tellus euismod. Nunc vitae velit sagittis. dignissim nisl a. venenatis lorem. Maecenas eget convallis tellus. Maecenas ultrices. urna nec lacinia porta. nulla erat pretium massa. eget ullamcorper ante libero in leo. Vestibulum ante ipsum primis in faucibus orci luctus et ultrices posuere cubilia curae; Mauris ante libero. volutpat quis velit sit amet. aliquam dictum urna. Vestibulum ullamcorper arcu ex. ac finibus ligula congue eget.', 'Portsmouth');
insert into events (event_id, organiser_name, organiser_email, organiser_number, event_name, event_location, event_demographic, event_type, event_date, event_start_time, event_end_time, event_description, event_city) values ('7a5b8a1a-d89a-47a2-8744-abaf3c8bf0ef', 'Andre Bohlsen', 'abohlsenc@cpanel.net', '07123456789', 'Nature Walk', 'Orchard Park', 'Adults', 'educational', '2022-05-23', '12:01', '16:49', 'Lorem ipsum dolor sit amet. consectetur adipiscing elit. Donec id feugiat purus. Fusce turpis tellus. ornare eu fringilla id. varius ut ex. Donec egestas erat ac ex pretium. nec suscipit dolor mollis. Pellentesque aliquam sapien sit amet eros faucibus sollicitudin. Donec efficitur faucibus justo porttitor vulputate. Cras finibus sollicitudin fringilla. Nulla nec interdum odio.  Ut convallis erat ut nisi maximus. eu lacinia tellus euismod. Nunc vitae velit sagittis. dignissim nisl a. venenatis lorem. Maecenas eget convallis tellus. Maecenas ultrices. urna nec lacinia porta. nulla erat pretium massa. eget ullamcorper ante libero in leo. Vestibulum ante ipsum primis in faucibus orci luctus et ultrices posuere cubilia curae; Mauris ante libero. volutpat quis velit sit amet. aliquam dictum urna. Vestibulum ullamcorper arcu ex. ac finibus ligula congue eget.', 'Bristol');
insert into events (event_id, organiser_name, organiser_email, organiser_number, event_name, event_location, event_demographic, event_type, event_date, event_start_time, event_end_time, event_description, event_city) values ('653ed947-0a02-42a2-b3bd-a8609c054349', 'Salem Tallach', 'stallachd@friendfeed.com', '07123456789', 'Football Tournament', 'Stamshaw Park', 'Adults', 'educational', '2022-05-30', '12:55', '21:53', 'Lorem ipsum dolor sit amet. consectetur adipiscing elit. Donec id feugiat purus. Fusce turpis tellus. ornare eu fringilla id. varius ut ex. Donec egestas erat ac ex pretium. nec suscipit dolor mollis. Pellentesque aliquam sapien sit amet eros faucibus sollicitudin. Donec efficitur faucibus justo porttitor vulputate. Cras finibus sollicitudin fringilla. Nulla nec interdum odio.  Ut convallis erat ut nisi maximus. eu lacinia tellus euismod. Nunc vitae velit sagittis. dignissim nisl a. venenatis lorem. Maecenas eget convallis tellus. Maecenas ultrices. urna nec lacinia porta. nulla erat pretium massa. eget ullamcorper ante libero in leo. Vestibulum ante ipsum primis in faucibus orci luctus et ultrices posuere cubilia curae; Mauris ante libero. volutpat quis velit sit amet. aliquam dictum urna. Vestibulum ullamcorper arcu ex. ac finibus ligula congue eget.', 'Bristol');
insert into events (event_id, organiser_name, organiser_email, organiser_number, event_name, event_location, event_demographic, event_type, event_date, event_start_time, event_end_time, event_description, event_city) values ('8785a6fb-b776-4ba7-9cec-6933506f70f5', 'Stephan Dood', 'sdoode@com.com', '07123456789', 'Learn to Roller Skate', 'St Pauls Park', 'Children', 'recreational', '2022-05-26', '18:19', '15:27', 'Lorem ipsum dolor sit amet. consectetur adipiscing elit. Donec id feugiat purus. Fusce turpis tellus. ornare eu fringilla id. varius ut ex. Donec egestas erat ac ex pretium. nec suscipit dolor mollis. Pellentesque aliquam sapien sit amet eros faucibus sollicitudin. Donec efficitur faucibus justo porttitor vulputate. Cras finibus sollicitudin fringilla. Nulla nec interdum odio.  Ut convallis erat ut nisi maximus. eu lacinia tellus euismod. Nunc vitae velit sagittis. dignissim nisl a. venenatis lorem. Maecenas eget convallis tellus. Maecenas ultrices. urna nec lacinia porta. nulla erat pretium massa. eget ullamcorper ante libero in leo. Vestibulum ante ipsum primis in faucibus orci luctus et ultrices posuere cubilia curae; Mauris ante libero. volutpat quis velit sit amet. aliquam dictum urna. Vestibulum ullamcorper arcu ex. ac finibus ligula congue eget.', 'Portsmouth');








insert into community_comments (comment_id, park_id, comment_author, comment, comment_date, comment_time, comment_type) values ('80aff141-9430-4b3c-95d1-20cb98983a23', '8ba00491-9c99-446c-ad5b-f5217813d54b', 'Murial Confort', 'massa nisl aliquam libero', '2022-04-02', '12:37', 'general');
insert into community_comments (comment_id, park_id, comment_author, comment, comment_date, comment_time, comment_type) values ('4370a8c4-670d-45ef-807f-53956c3a8e7d', '5743efbe-c1c3-4681-9910-1a2fd91d3744', 'Cymbre Heaker', 'non semper enim congue id. Curabitur sodales neque faucibus turpis rutrum varius. Nulla pellentesque non quam quis efficitur. Nam sit amet aliquet lacus. Etiam nec faucibus lacus.', '2022-04-27', '12:11', 'alert');
insert into community_comments (comment_id, park_id, comment_author, comment, comment_date, comment_time, comment_type) values ('a526f4d4-6134-4665-a0c4-2e0ceee2b84f', 'bf42ab1e-bf60-45a7-babd-7b5723592d9e', 'Augustine Dabney', 'non sagittis nulla purus nec eros.  Donec nec tincidunt tellus. Aenean tempor mi a sem tristique commodo. Nam ac justo condimentum', '2022-04-05', '2:48', 'general');
insert into community_comments (comment_id, park_id, comment_author, comment, comment_date, comment_time, comment_type) values ('29d5a955-34c0-4c26-8674-791f101fdaba', 'b9544611-db81-4b2c-a33a-95b0e38bc7d1', 'Zolly Brelsford', 'varius ut ex. Donec egestas erat ac ex pretium', '2022-04-02', '20:02', 'general');
insert into community_comments (comment_id, park_id, comment_author, comment, comment_date, comment_time, comment_type) values ('4a8c2229-828b-4de5-b064-23b5c0daa44c', '1b86d5be-8ede-486d-9a47-31c7c4ae9d48', 'Claribel Gay', 'nulla erat pretium massa', '2022-04-07', '9:19', 'general');
insert into community_comments (comment_id, park_id, comment_author, comment, comment_date, comment_time, comment_type) values ('b90d1826-051a-48da-b255-b8ce560bcf86', '299ebde8-e3fa-4c38-a057-2fc2ecad094a', 'Vina Bernon', 'vestibulum at diam. Curabitur cursus', '2022-04-23', '15:11', 'alert');
insert into community_comments (comment_id, park_id, comment_author, comment, comment_date, comment_time, comment_type) values ('7815ae4d-fb07-4644-970a-42b545f5ef48', '8ba00491-9c99-446c-ad5b-f5217813d54b', 'Sidnee Mainston', 'volutpat rutrum orci. Aliquam porttitor rutrum interdum. Interdum et malesuada fames ac ante ipsum primis in faucibus. Proin ac facilisis nibh.  Quisque rhoncus vulputate felis ac interdum. Donec at metus ac diam sagittis faucibus. Nunc tempor enim in velit commodo consectetur. Vivamus nibh risus', '2022-04-24', '20:41', 'alert');
insert into community_comments (comment_id, park_id, comment_author, comment, comment_date, comment_time, comment_type) values ('4ece0743-4db7-4022-99eb-d605003b0f52', 'b9544611-db81-4b2c-a33a-95b0e38bc7d1', 'Alvan Jeanel', 'varius ut ex. Donec egestas erat ac ex pretium', '2022-04-23', '0:39', 'update');
insert into community_comments (comment_id, park_id, comment_author, comment, comment_date, comment_time, comment_type) values ('e1ada608-7119-477c-a0b4-2e9a8332c069', '7bf52559-d574-4fcc-b925-8c94a709ed41', 'Gerald Pigott', 'justo enim posuere dui', '2022-04-21', '13:15', 'general');
insert into community_comments (comment_id, park_id, comment_author, comment, comment_date, comment_time, comment_type) values ('8c1a8df9-19f1-4086-9cb6-d9353e345643', '5743efbe-c1c3-4681-9910-1a2fd91d3744', 'Bernard Horsell', 'aliquam dictum urna. Vestibulum ullamcorper arcu ex', '2022-04-01', '19:31', 'alert');
insert into community_comments (comment_id, park_id, comment_author, comment, comment_date, comment_time, comment_type) values ('565698e9-4d1f-4ffa-9870-389bb7b7edf3', 'b9544611-db81-4b2c-a33a-95b0e38bc7d1', 'Hermine Minkin', 'auctor nec dapibus a', '2022-04-22', '18:47', 'update');
insert into community_comments (comment_id, park_id, comment_author, comment, comment_date, comment_time, comment_type) values ('a53054b0-0ad5-4e3a-b72d-308c515e3585', '5c7e19a3-ad77-4b75-8724-085009856840', 'Mariel Howard - Gater', 'consequat justo vel', '2022-04-22', '10:05', 'general');
insert into community_comments (comment_id, park_id, comment_author, comment, comment_date, comment_time, comment_type) values ('b2e8a4bd-e659-4f3d-b8af-afc23f7bede0', '5743efbe-c1c3-4681-9910-1a2fd91d3744', 'Gino Derbyshire', 'nisi eu lacinia tempor', '2022-04-09', '19:52', 'update');
insert into community_comments (comment_id, park_id, comment_author, comment, comment_date, comment_time, comment_type) values ('3e97bd90-d4ea-419c-a8a2-a261496fbb5d', '5c7e19a3-ad77-4b75-8724-085009856840', 'Hayyim Meddings', 'Lorem ipsum dolor sit amet', '2022-04-12', '13:18', 'update');
insert into community_comments (comment_id, park_id, comment_author, comment, comment_date, comment_time, comment_type) values ('fb69dec6-937c-4d8a-b7ae-8a7f1bfd787f', '7bf52559-d574-4fcc-b925-8c94a709ed41', 'Hillary Thames', 'sed efficitur dolor molestie. In euismod', '2022-04-08', '10:13', 'alert');
insert into community_comments (comment_id, park_id, comment_author, comment, comment_date, comment_time, comment_type) values ('da50884b-4e08-4f7f-b65a-9ee02794d550', '8ba00491-9c99-446c-ad5b-f5217813d54b', 'Maximilian Pulhoster', 'luctus lectus. Cras aliquam sapien eu tortor finibus', '2022-04-15', '21:39', 'update');
insert into community_comments (comment_id, park_id, comment_author, comment, comment_date, comment_time, comment_type) values ('917925b4-639b-4add-9b1a-9e92d40c20ac', '2a2cdf8d-ce18-440e-9427-7999863570f0', 'Alphonso Cogdon', 'ullamcorper sit amet justo. Morbi faucibus neque a sagittis consectetur. Sed efficitur porta lacus', '2022-04-19', '20:06', 'alert');
insert into community_comments (comment_id, park_id, comment_author, comment, comment_date, comment_time, comment_type) values ('ef79f071-833f-4836-849b-1cc9f842ee8c', '8b307188-c1c3-4993-97f6-94ca9fbf9422', 'Faustine Delaney', 'consectetur adipiscing elit. Donec id feugiat purus. Fusce turpis tellus', '2022-04-14', '5:15', 'alert');
insert into community_comments (comment_id, park_id, comment_author, comment, comment_date, comment_time, comment_type) values ('b9adf7e2-6dc5-4584-9b9a-fadfbf39b44b', '5c7e19a3-ad77-4b75-8724-085009856840', 'Valene Dumper', 'ornare dignissim arcu tellus at nisl. Vestibulum efficitur tincidunt tortor eu consectetur. Duis ipsum lacus', '2022-04-26', '12:49', 'update');
insert into community_comments (comment_id, park_id, comment_author, comment, comment_date, comment_time, comment_type) values ('042fff61-64e5-44ba-8eae-8e5e7761fa9c', '5743efbe-c1c3-4681-9910-1a2fd91d3744', 'Lorie Lydden', 'non sagittis nulla purus nec eros.  Donec nec tincidunt tellus. Aenean tempor mi a sem tristique commodo. Nam ac justo condimentum', '2022-04-02', '1:16', 'general');
insert into community_comments (comment_id, park_id, comment_author, comment, comment_date, comment_time, comment_type) values ('a52be05c-335d-4ad8-9294-7d203aff8867', '299ebde8-e3fa-4c38-a057-2fc2ecad094a', 'Valerie MacParlan', 'ornare eu fringilla id', '2022-04-20', '8:35', 'alert');
insert into community_comments (comment_id, park_id, comment_author, comment, comment_date, comment_time, comment_type) values ('37c911d3-0eac-45c4-929a-3a8c53f027aa', '34d1ea2d-d161-4a29-b74c-c0670665342e', 'Giorgia Mapstone', 'nisi eu lacinia tempor', '2022-04-10', '14:29', 'alert');
insert into community_comments (comment_id, park_id, comment_author, comment, comment_date, comment_time, comment_type) values ('05d002ed-6f88-49d7-ac39-616350a10b4f', '2a2cdf8d-ce18-440e-9427-7999863570f0', 'Christiane Brun', 'semper et tellus. Sed in eros nisl. Vestibulum faucibus commodo risus', '2022-04-06', '10:37', 'general');
insert into community_comments (comment_id, park_id, comment_author, comment, comment_date, comment_time, comment_type) values ('08a031f5-a6b9-4411-8624-dc233f99134f', '5c7e19a3-ad77-4b75-8724-085009856840', 'Oliviero Adolphine', 'ullamcorper sit amet justo. Morbi faucibus neque a sagittis consectetur. Sed efficitur porta lacus', '2022-04-07', '5:10', 'update');
insert into community_comments (comment_id, park_id, comment_author, comment, comment_date, comment_time, comment_type) values ('320e57ed-154b-4119-a556-c525505cd9e1', '5d3f894e-1b80-474a-b30f-62a70ae387e4', 'Atlanta Cammidge', 'justo enim posuere dui', '2022-04-01', '19:07', 'update');
insert into community_comments (comment_id, park_id, comment_author, comment, comment_date, comment_time, comment_type) values ('ceac4880-2bcc-44ed-a7e4-93b6f1e99e98', '1b86d5be-8ede-486d-9a47-31c7c4ae9d48', 'Georgia Scrannage', 'varius ut ex. Donec egestas erat ac ex pretium', '2022-04-19', '13:28', 'general');
insert into community_comments (comment_id, park_id, comment_author, comment, comment_date, comment_time, comment_type) values ('f408bbc2-6d09-4bba-a9a7-979903d5940d', '8ba00491-9c99-446c-ad5b-f5217813d54b', 'Joann Stathers', 'sed efficitur dolor molestie. In euismod', '2022-04-15', '15:25', 'update');
insert into community_comments (comment_id, park_id, comment_author, comment, comment_date, comment_time, comment_type) values ('4d48d771-1205-45db-b4e1-d79977738042', '5d3f894e-1b80-474a-b30f-62a70ae387e4', 'Shanie Brave', 'ullamcorper sit amet justo. Morbi faucibus neque a sagittis consectetur. Sed efficitur porta lacus', '2022-04-22', '14:32', 'alert');
insert into community_comments (comment_id, park_id, comment_author, comment, comment_date, comment_time, comment_type) values ('31c1a18c-47d3-4d87-be7e-bf5d88395436', '8b307188-c1c3-4993-97f6-94ca9fbf9422', 'Etheline O Flannery', 'auctor nec dapibus a', '2022-04-05', '23:00', 'alert');
insert into community_comments (comment_id, park_id, comment_author, comment, comment_date, comment_time, comment_type) values ('a2b996ce-d08a-42e2-96cb-f4944fb941b2', 'bf42ab1e-bf60-45a7-babd-7b5723592d9e', 'Matthus Gammell', 'ullamcorper sit amet justo. Morbi faucibus neque a sagittis consectetur. Sed efficitur porta lacus', '2022-04-15', '11:19', 'general');
insert into community_comments (comment_id, park_id, comment_author, comment, comment_date, comment_time, comment_type) values ('d6e2d579-a61f-41c1-9221-61eb144cca0a', '28bf8b81-db50-47ab-b5c4-6228a5d10b66', 'Gwendolyn Dinley', 'convallis cursus placerat sed', '2022-04-11', '4:32', 'general');
insert into community_comments (comment_id, park_id, comment_author, comment, comment_date, comment_time, comment_type) values ('0bc0e274-ed20-40d2-abb9-e8c2a44b1652', '5c7e19a3-ad77-4b75-8724-085009856840', 'Dyanna Drewe', 'nec tristique risus pulvinar. Donec ac consequat risus. Fusce ullamcorper', '2022-04-22', '14:44', 'update');
insert into community_comments (comment_id, park_id, comment_author, comment, comment_date, comment_time, comment_type) values ('ad7abcc3-108d-4d0a-8bbc-5bd45d5ec901', '299ebde8-e3fa-4c38-a057-2fc2ecad094a', 'Iago Tooting', 'varius ut ex. Donec egestas erat ac ex pretium', '2022-04-20', '4:02', 'update');
insert into community_comments (comment_id, park_id, comment_author, comment, comment_date, comment_time, comment_type) values ('e0b0613f-0b11-4d06-aa99-d4b3fea10f42', '1b86d5be-8ede-486d-9a47-31c7c4ae9d48', 'Peta McGuiness', 'nisi eu lacinia tempor', '2022-04-19', '13:53', 'alert');
insert into community_comments (comment_id, park_id, comment_author, comment, comment_date, comment_time, comment_type) values ('80e1c480-514f-4490-8c51-322014816553', '1b86d5be-8ede-486d-9a47-31c7c4ae9d48', 'Robert Kondratowicz', 'eget ullamcorper ante libero in leo. Vestibulum ante ipsum primis in faucibus orci luctus et ultrices posuere cubilia curae; Mauris ante libero', '2022-04-16', '11:32', 'general');
insert into community_comments (comment_id, park_id, comment_author, comment, comment_date, comment_time, comment_type) values ('d76ae98f-3116-4ac7-93d8-bde14adf641c', '5c7e19a3-ad77-4b75-8724-085009856840', 'Olivier Karolovsky', 'convallis cursus placerat sed', '2022-04-08', '10:28', 'update');
insert into community_comments (comment_id, park_id, comment_author, comment, comment_date, comment_time, comment_type) values ('5193ca0c-0246-4aac-9ec2-d3383260b527', '9c29f89c-4644-4501-b2b6-4e47a0b2335b', 'Milty Quinnet', 'nisi eu lacinia tempor', '2022-04-06', '17:31', 'general');
insert into community_comments (comment_id, park_id, comment_author, comment, comment_date, comment_time, comment_type) values ('a69ebdce-ce41-451a-bbfb-c5b5433343f1', '867fdb71-7525-4a7e-b9a2-cd9e206e5010', 'Virge Collop', 'bibendum non pharetra eu', '2022-04-09', '15:05', 'alert');
insert into community_comments (comment_id, park_id, comment_author, comment, comment_date, comment_time, comment_type) values ('f66af768-9fc5-442a-b46c-e61a4a9ae626', 'bf42ab1e-bf60-45a7-babd-7b5723592d9e', 'Karlan McFeate', 'volutpat rutrum orci. Aliquam porttitor rutrum interdum. Interdum et malesuada fames ac ante ipsum primis in faucibus. Proin ac facilisis nibh.  Quisque rhoncus vulputate felis ac interdum. Donec at metus ac diam sagittis faucibus. Nunc tempor enim in velit commodo consectetur. Vivamus nibh risus', '2022-04-02', '6:40', 'update');
insert into community_comments (comment_id, park_id, comment_author, comment, comment_date, comment_time, comment_type) values ('64610ae1-3dcb-4c08-a107-faba208048e1', '8b307188-c1c3-4993-97f6-94ca9fbf9422', 'Drucill Daelman', 'convallis cursus placerat sed', '2022-04-04', '7:55', 'alert');
insert into community_comments (comment_id, park_id, comment_author, comment, comment_date, comment_time, comment_type) values ('4f08db8c-876d-4051-bdd3-ae94b9ab1355', '2a2cdf8d-ce18-440e-9427-7999863570f0', 'Tillie Eggins', 'non semper enim congue id. Curabitur sodales neque faucibus turpis rutrum varius. Nulla pellentesque non quam quis efficitur. Nam sit amet aliquet lacus. Etiam nec faucibus lacus.', '2022-04-19', '20:32', 'alert');
insert into community_comments (comment_id, park_id, comment_author, comment, comment_date, comment_time, comment_type) values ('d1af8590-ac3c-4494-bb52-08fb7d983d95', '28bf8b81-db50-47ab-b5c4-6228a5d10b66', 'Tera Huge', 'nec tristique risus pulvinar. Donec ac consequat risus. Fusce ullamcorper', '2022-04-09', '16:16', 'general');
insert into community_comments (comment_id, park_id, comment_author, comment, comment_date, comment_time, comment_type) values ('22c8b761-6f43-4317-bc75-4f0e07a53be9', '5c7e19a3-ad77-4b75-8724-085009856840', 'Brynna Schlagman', 'ac finibus ligula congue eget.  Nullam at rutrum elit. Mauris consequat orci sit amet volutpat pulvinar. Proin id quam a risus aliquam consequat non sed ligula. Integer tincidunt nisi quis augue luctus', '2022-04-16', '8:56', 'general');
insert into community_comments (comment_id, park_id, comment_author, comment, comment_date, comment_time, comment_type) values ('f0cccd5d-10e3-4187-8fbc-2bccd71b5a12', 'e7362f33-f37c-40a4-aa56-8e36726899cc', 'Annalise Cammis', 'convallis cursus placerat sed', '2022-04-09', '9:42', 'general');
insert into community_comments (comment_id, park_id, comment_author, comment, comment_date, comment_time, comment_type) values ('b9d6ad23-912f-4df8-9439-37659bc37df2', '5c7e19a3-ad77-4b75-8724-085009856840', 'Chester Kasman', 'aliquam in imperdiet ac', '2022-04-18', '18:01', 'update');
insert into community_comments (comment_id, park_id, comment_author, comment, comment_date, comment_time, comment_type) values ('84429775-3441-4bbd-98b0-1ae8e4fe3507', '34d1ea2d-d161-4a29-b74c-c0670665342e', 'Pincas Anderer', 'eu dignissim ante lectus ac arcu. Curabitur ac sollicitudin velit. Fusce sapien urna', '2022-04-21', '6:23', 'update');
insert into community_comments (comment_id, park_id, comment_author, comment, comment_date, comment_time, comment_type) values ('dad0505e-555e-459c-8920-39beab45e6be', '299ebde8-e3fa-4c38-a057-2fc2ecad094a', 'Darcy Taillard', 'nulla erat pretium massa', '2022-04-13', '22:55', 'alert');
insert into community_comments (comment_id, park_id, comment_author, comment, comment_date, comment_time, comment_type) values ('eb2f3bbb-ca5c-49fb-8063-d582df75793c', 'b9544611-db81-4b2c-a33a-95b0e38bc7d1', 'Wallas Kubach', 'bibendum non pharetra eu', '2022-04-15', '14:23', 'general');
insert into community_comments (comment_id, park_id, comment_author, comment, comment_date, comment_time, comment_type) values ('2c9af557-c294-43a2-84a5-875c9dd94d10', 'bf42ab1e-bf60-45a7-babd-7b5723592d9e', 'Husein Buttriss', 'aliquam dictum urna. Vestibulum ullamcorper arcu ex', '2022-04-24', '7:14', 'alert');
insert into community_comments (comment_id, park_id, comment_author, comment, comment_date, comment_time, comment_type) values ('a7b0030d-6987-4791-bc22-10b70c5c232d', '5d3f894e-1b80-474a-b30f-62a70ae387e4', 'Devinne Nozzolinii', 'ipsum varius euismod sagittis', '2022-04-07', '15:23', 'general');
insert into community_comments (comment_id, park_id, comment_author, comment, comment_date, comment_time, comment_type) values ('67045a30-66d2-461f-a091-748267e05a1f', '9c29f89c-4644-4501-b2b6-4e47a0b2335b', 'Caleb Hadlington', 'volutpat quis velit sit amet', '2022-04-18', '10:35', 'update');
insert into community_comments (comment_id, park_id, comment_author, comment, comment_date, comment_time, comment_type) values ('00294714-ca93-4265-bfac-1b3cc3e0dc16', '8b307188-c1c3-4993-97f6-94ca9fbf9422', 'Ive Dean', 'aliquam in imperdiet ac', '2022-04-08', '23:23', 'update');
insert into community_comments (comment_id, park_id, comment_author, comment, comment_date, comment_time, comment_type) values ('b32144c3-1e78-4d0d-bdc8-36a92299fae2', '5743efbe-c1c3-4681-9910-1a2fd91d3744', 'Amye Rosie', 'eu fermentum sapien congue ut. Nunc eget volutpat felis. Cras ultrices tellus ac velit hendrerit eleifend. Pellentesque ligula libero', '2022-04-16', '0:49', 'alert');
insert into community_comments (comment_id, park_id, comment_author, comment, comment_date, comment_time, comment_type) values ('d00b44fc-9c0c-4fcc-845a-188ea9545f1b', '5743efbe-c1c3-4681-9910-1a2fd91d3744', 'Audrey Yeates', 'varius ut ex. Donec egestas erat ac ex pretium', '2022-04-08', '13:48', 'alert');
insert into community_comments (comment_id, park_id, comment_author, comment, comment_date, comment_time, comment_type) values ('ad641c56-e008-4823-b6b1-86249ae4c279', '5d3f894e-1b80-474a-b30f-62a70ae387e4', 'Meyer Ditts', 'consectetur adipiscing elit. Donec id feugiat purus. Fusce turpis tellus', '2022-04-22', '21:52', 'alert');



-- Down

DROP TABLE park_locations
